{
  "version": 1,
  "mapping": {
    "1": "P1/top",
    "3": "P3/left",
    "2": "P2/down",
    "4": "P4/right"
  },
  "common_start_row": 1363,
  "common_end_row": 18246,
  "calibration_rows": {
    "head20": 4740,
    "mid50": 9804,
    "tail80": 14869
  },
  "standard": {
    "head20": {
      "percent": 0.2,
      "A": 210.06,
      "B": 104.0,
      "C": 210.03,
      "D": 103.98
    },
    "mid50": {
      "percent": 0.5,
      "A": 210.07,
      "B": 103.99,
      "C": 210.03,
      "D": 103.98
    },
    "tail80": {
      "percent": 0.8,
      "A": 210.06,
      "B": 104.01,
      "C": 210.03,
      "D": 103.99
    }
  },
  "transforms": {
    "1": [
      [
        0.514937083649038,
        0.6844494308056213,
        198.3837324959535
      ],
      [
        -0.7623295724745627,
        -0.9959616664685385,
        121.2274350930566
      ]
    ],
    "2": [
      [
        0.0,
        0.0,
        0.0
      ],
      [
        0.0,
        0.0,
        0.0
      ]
    ],
    "3": [
      [
        0.0,
        0.0,
        0.0
      ],
      [
        -0.06165722902696961,
        -0.10777706394759434,
        105.18514921238072
      ]
    ],
    "4": [
      [
        -8.432428861164632e-13,
        8.668621376273222e-13,
        210.03000000000884
      ],
      [
        0.0,
        0.0,
        0.0
      ]
    ]
  }
}