{
  "hobj": "D:\\ProjectCode\\SunshineSiRod_Refactor\\image\\NG-1diaotou_3\\10_44.hobj",
  "rows": {
    "head20": 4739,
    "mid50": 9804,
    "tail80": 14868
  },
  "measurements": {
    "head20": {
      "A": 210.06,
      "B": 104.0,
      "C": 210.03,
      "D": 103.98
    },
    "mid50": {
      "A": 210.07,
      "B": 103.99,
      "C": 210.03,
      "D": 103.98
    },
    "tail80": {
      "A": 210.06,
      "B": 104.01,
      "C": 210.03,
      "D": 103.99
    }
  },
  "local_corners": {
    "head20": {
      "1": {
        "valid": true,
        "row": 4739,
        "seg_cols": [
          106,
          2779
        ],
        "peak_index": 1189,
        "V": [
          18.185811679956252,
          3.3765786502062145
        ],
        "line1": [
          0.9855850084643711,
          -14.547084708314928
        ],
        "line2": [
          -1.0151603864645518,
          21.83809426340216
        ],
        "angle_deg": 89.98491225113925,
        "rmse": [
          0.003512035494674038,
          0.004066430381240557
        ],
        "fit_left": [
          95,
          1069
        ],
        "fit_right": [
          1309,
          2332
        ]
      },
      "2": {
        "valid": true,
        "row": 4739,
        "seg_cols": [
          96,
          3142
        ],
        "peak_index": 1601,
        "V": [
          24.3759559410438,
          -0.08094052026344656
        ],
        "line1": [
          0.9269303153853867,
          -22.675753048515467
        ],
        "line2": [
          -1.0841057751390635,
          26.345174089957496
        ],
        "angle_deg": 89.86066638957034,
        "rmse": [
          0.0042939665181548495,
          0.004133143552636124
        ],
        "fit_left": [
          128,
          1481
        ],
        "fit_right": [
          1721,
          2715
        ]
      },
      "3": {
        "valid": true,
        "row": 4739,
        "seg_cols": [
          175,
          2862
        ],
        "peak_index": 1319,
        "V": [
          19.536277506910622,
          0.016123187133999295
        ],
        "line1": [
          1.0174637843404988,
          -19.861331656973448
        ],
        "line2": [
          -0.9838828024610793,
          19.237530650290566
        ],
        "angle_deg": 89.96950710639732,
        "rmse": [
          0.003386790411896826,
          0.004037310668839954
        ],
        "fit_left": [
          105,
          1199
        ],
        "fit_right": [
          1439,
          2375
        ]
      },
      "4": {
        "valid": true,
        "row": 4739,
        "seg_cols": [
          146,
          2496
        ],
        "peak_index": 1041,
        "V": [
          15.876197682878777,
          5.231108702755273
        ],
        "line1": [
          0.9997644193671638,
          -10.641348855426338
        ],
        "line2": [
          -1.0028425848755522,
          21.152435825048677
        ],
        "angle_deg": 89.92543125681874,
        "rmse": [
          0.002976086440039838,
          0.003058520272166998
        ],
        "fit_left": [
          83,
          921
        ],
        "fit_right": [
          1161,
          2053
        ]
      }
    },
    "mid50": {
      "1": {
        "valid": true,
        "row": 9804,
        "seg_cols": [
          114,
          2778
        ],
        "peak_index": 1066,
        "V": [
          17.837601061203102,
          3.6540683417648623
        ],
        "line1": [
          0.985365134259539,
          -13.922481822775627
        ],
        "line2": [
          -1.0153895781189188,
          21.76618255795346
        ],
        "angle_deg": 89.9848370092425,
        "rmse": [
          0.0441259503053106,
          0.003624133609237093
        ],
        "fit_left": [
          85,
          946
        ],
        "fit_right": [
          1186,
          2218
        ]
      },
      "2": {
        "valid": true,
        "row": 9804,
        "seg_cols": [
          96,
          3129
        ],
        "peak_index": 1616,
        "V": [
          24.639052356458805,
          0.17497914897042577
        ],
        "line1": [
          0.9270452425011833,
          -22.666537117822276
        ],
        "line2": [
          -1.0836944091656424,
          26.876182434804377
        ],
        "angle_deg": 89.86796220060985,
        "rmse": [
          0.005750755691336025,
          0.004867054668613995
        ],
        "fit_left": [
          129,
          1496
        ],
        "fit_right": [
          1736,
          2709
        ]
      },
      "3": {
        "valid": true,
        "row": 9804,
        "seg_cols": [
          166,
          2861
        ],
        "peak_index": 1364,
        "V": [
          19.969024966938175,
          -0.24203232576234512
        ],
        "line1": [
          1.0173574317801242,
          -20.557668281279746
        ],
        "line2": [
          -0.9843371287121422,
          19.414220373374658
        ],
        "angle_deg": 89.95927735033429,
        "rmse": [
          0.0045944437312835104,
          0.005594814555092218
        ],
        "fit_left": [
          109,
          1244
        ],
        "fit_right": [
          1484,
          2393
        ]
      },
      "4": {
        "valid": true,
        "row": 9804,
        "seg_cols": [
          146,
          2456
        ],
        "peak_index": 1051,
        "V": [
          15.596736145553892,
          4.927511473132286
        ],
        "line1": [
          0.9992458604004353,
          -10.657462556070282
        ],
        "line2": [
          -1.0034406346580702,
          20.577910289621347
        ],
        "angle_deg": 89.92321510610117,
        "rmse": [
          0.003936077546409489,
          0.004277271033835918
        ],
        "fit_left": [
          84,
          931
        ],
        "fit_right": [
          1171,
          2026
        ]
      }
    },
    "tail80": {
      "1": {
        "valid": true,
        "row": 14868,
        "seg_cols": [
          124,
          2778
        ],
        "peak_index": 1158,
        "V": [
          17.42026303314774,
          3.95379593827702
        ],
        "line1": [
          0.9848906239981193,
          -13.20325779065123
        ],
        "line2": [
          -1.0158139955445005,
          21.649542933414985
        ],
        "angle_deg": 89.98666395114,
        "rmse": [
          0.004730063558201943,
          0.004292451492783881
        ],
        "fit_left": [
          92,
          1038
        ],
        "fit_right": [
          1278,
          2310
        ]
      },
      "2": {
        "valid": true,
        "row": 14868,
        "seg_cols": [
          101,
          3126
        ],
        "peak_index": 1634,
        "V": [
          24.912001932021106,
          0.40304758129348883
        ],
        "line1": [
          0.9268463839507386,
          -22.686551326374087
        ],
        "line2": [
          -1.084484780962216,
          27.419734539871698
        ],
        "angle_deg": 89.85327213715506,
        "rmse": [
          0.00735978282926327,
          0.004778557010698656
        ],
        "fit_left": [
          130,
          1514
        ],
        "fit_right": [
          1754,
          2708
        ]
      },
      "3": {
        "valid": true,
        "row": 14868,
        "seg_cols": [
          158,
          2862
        ],
        "peak_index": 1377,
        "V": [
          20.307048869295517,
          -0.5269718243875303
        ],
        "line1": [
          1.0169268293629297,
          -21.177754644758288
        ],
        "line2": [
          -0.9845046638662905,
          19.465412496794592
        ],
        "angle_deg": 89.96652866708669,
        "rmse": [
          0.004137937259767577,
          0.004238446326524917
        ],
        "fit_left": [
          110,
          1257
        ],