{
  "source_hobj": "D:\\ProjectCode\\SunshineSiRod_Refactor\\image\\NG-1diaotou_3\\10_44.hobj",
  "algorithm": "new three-segment chamfer algorithm; no HALCON detection_process",
  "row": 10000,
  "offsets": [
    120100,
    256240185,
    512360270,
    768480355
  ],
  "x_scale": 0.015,
  "y_scale": 0.04891993841,
  "stick_length_mm": 827.96995758925,
  "objects": [
    {
      "valid": false,
      "reasons": [
        "倒角段宽度不足"
      ],
      "b1": 735,
      "b2": 867,
      "line1": [
        0.9844059803616475,
        -15.577818221453912
      ],
      "lineC": [
        -0.8047454847129102,
        19.131516367808285
      ],
      "line2": [
        -1.0143617934003624,
        23.470140908173278
      ],
      "rmse1": 0.014792047103063593,
      "rmseC": 0.1050551402015523,
      "rmse2": 0.009220817708809807,
      "angle_deg": 89.95825768134497,
      "V": [
        19.53601596053978,
        3.65355272254204
      ],
      "T1": [
        19.349999999999998,
        3.280217345555623
      ],
      "T2": [
        21.33,
        1.8452066659927366
      ],
      "arc_mm": 2.562557004984842,
      "projection_x_mm": 1.9800000000000004,
      "projection_z_mm": 1.4350106795628865,
      "face1_width_mm": 11.024999999999999,
      "face2_width_mm": 20.340000000000003,
      "chamfer_width_mm": 1.9800000000000004,
      "height_range_mm": 22.023333803812662,
      "visible_width_mm": 33.345,
      "seg_start_col": 555,
      "seg_end_col": 2778,
      "object": 1,
      "row_range": [
        1342,
        18260
      ],
      "stick_length_mm": 827.6275180203801
    },
    {
      "valid": false,
      "reasons": [
        "倒角段宽度不足"
      ],
      "b1": 1527,
      "b2": 1659,
      "line1": [
        0.9265965104204779,
        -23.981101576481766
      ],
      "lineC": [
        0.6636009368449384,
        -17.433873699660705
      ],
      "line2": [
        -1.0841214106197623,
        28.474654531415304
      ],
      "rmse1": 0.012910663765367274,
      "rmseC": 0.11820330117604344,
      "rmse2": 0.013122924423686618,
      "angle_deg": 89.8705432899202,
      "V": [
        26.08807310015878,
        0.1920159217196975
      ],
      "T1": [
        24.345,
        -1.4264626661936441
      ],
      "T2": [
        26.325,
        -0.25455533266067504
      ],
      "arc_mm": 2.4428023855034184,
      "projection_x_mm": 1.9800000000000004,
      "projection_z_mm": 1.171907333532969,
      "face1_width_mm": 22.904999999999998,
      "face2_width_mm": 19.080000000000002,
      "chamfer_width_mm": 1.9800000000000004,
      "height_range_mm": 22.238900864124293,
      "visible_width_mm": 43.965,
      "seg_start_col": 96,
      "seg_end_col": 3027,
      "object": 2,
      "row_range": [
        1360,
        18282
      ],
      "stick_length_mm": 827.8231977740201
    },
    {
      "valid": false,
      "reasons": [
        "倒角段宽度不足"
      ],
      "b1": 1215,
      "b2": 1347,
      "line1": [
        1.0170722362941258,
        -23.114294991682737
      ],
      "lineC": [
        0.780352945124969,
        -18.07274744659513
      ],
      "line2": [
        -0.983847485880361,
        21.86368919101549
      ],
      "rmse1": 0.0046989279619069025,
      "rmseC": 0.11182716151341125,
      "rmse2": 0.012890624980184003,
      "angle_deg": 89.98156030970968,
      "V": [
        22.478655032606046,
        -0.25187904878590217
      ],
      "T1": [
        20.715,
        -2.0408493359883626
      ],
      "T2": [
        22.695,
        -0.6593860030174254
      ],
      "arc_mm": 2.543827263004461,
      "projection_x_mm": 1.9800000000000004,
      "projection_z_mm": 1.3814633329709372,
      "face1_width_mm": 18.225,
      "face2_width_mm": 20.22,
      "chamfer_width_mm": 1.9800000000000004,
      "height_range_mm": 19.879503373305,
      "visible_width_mm": 40.425,
      "seg_start_col": 166,
      "seg_end_col": 2861,
      "object": 3,
      "row_range": [
        1363,
        18288
      ],
      "stick_length_mm": 827.96995758925
    },
    {
      "valid": false,
      "reasons": [
        "倒角段宽度不足"
      ],
      "b1": 1029,
      "b2": 1161,
      "line1": [
        0.9983548513779248,
        -12.8341827860759
      ],
      "lineC": [
        -0.8261879017916726,
        19.380127869173755
      ],
      "line2": [
        -1.002539050473914,
        22.729790701579258
      ],
      "rmse1": 0.015119544014612634,
      "rmseC": 0.09778101565246948,
      "rmse2": 0.01407096986622087,
      "angle_deg": 89.97452265264043,
      "V": [
        17.774042619021674,
        4.910618891222384
      ],
      "T1": [
        17.625,
        4.543209997812907
      ],
      "T2": [
        19.605,
        3.080008665720622
      ],
      "arc_mm": 2.574465059759201,
      "projection_x_mm": 1.9800000000000004,
      "projection_z_mm": 1.463201332092285,
      "face1_width_mm": 15.435,
      "face2_width_mm": 17.234999999999996,
      "chamfer_width_mm": 1.9800000000000004,
      "height_range_mm": 18.556213792165124,
      "visible_width_mm": 34.65,
      "seg_start_col": 146,
      "seg_end_col": 2456,
      "object": 4,
      "row_range": [
        1321,
        18244
      ],
      "stick_length_mm": 827.87211771243
    }
  ]
}