{
  "source_hobj": "D:\\ProjectCode\\SunshineSiRod_Refactor\\image\\NG-1diaotou_3\\10_44.hobj",
  "algorithm": "new definition: side-face extensions L1/L2, red middle segment T1-T2 is chamfer length; no HALCON detection_process",
  "row": 10000,
  "offsets": [
    120100,
    256240185,
    512360270,
    768480355
  ],
  "x_scale": 0.015,
  "y_scale": 0.04891993841,
  "stick_length_mm": 827.96995758925,
  "objects": [
    {
      "valid": false,
      "reasons": [
        "倒角线与某侧面几乎重合"
      ],
      "li": 556,
      "ri": 1668,
      "face_win": 220,
      "line1": [
        0.9830546859766782,
        -15.566454882190529
      ],
      "line2": [
        -1.0059262890051606,
        23.13468401557592
      ],
      "lineC": [
        -0.855574364308148,
        18.996061291999087
      ],
      "rmse1": 0.006632578564869176,
      "rmse2": 0.009657974393750587,
      "rmseC": 1.0304694309975726,
      "angle_deg": 89.67968984973969,
      "V": [
        19.457772288706696,
        3.5615993448897445
      ],
      "T1": [
        16.665,
        0.832515327135722
      ],
      "T2": [
        33.345,
        -10.356815274556476
      ],
      "arc_mm": 23.36787242438975,
      "projection_x_mm": 16.68,
      "projection_z_mm": 11.189330601692198,
      "face1_width_mm": 8.34,
      "face2_width_mm": 8.325000000000003,
      "chamfer_width_mm": 16.68,
      "visible_width_mm": 33.345,
      "height_range_mm": 22.023333803812662,
      "seg_start_col": 555,
      "seg_end_col": 2778,
      "object": 1,
      "row_range": [
        1342,
        18260
      ],
      "stick_length_mm": 827.6275180203801
    },
    {
      "valid": true,
      "reasons": [],
      "li": 733,
      "ri": 2199,
      "face_win": 220,
      "line1": [
        0.9118193477108205,
        -23.929692838128595
      ],
      "line2": [
        -1.0823819170242592,
        28.396505353882123
      ],
      "lineC": [
        0.2781385991093373,
        -11.976245677921346
      ],
      "rmse1": 0.0267998968699412,
      "rmse2": 0.012012059577314755,
      "rmseC": 2.903491870084515,
      "angle_deg": 89.62468330055847,
      "V": [
        26.23917611393252,
        -0.004304389453302804
      ],
      "T1": [
        12.434999999999999,
        -12.460787900288897
      ],
      "T2": [
        34.425,
        -8.83966325124105
      ],
      "arc_mm": 30.529633686162594,
      "projection_x_mm": 21.99,
      "projection_z_mm": 3.6211246490478484,
      "face1_width_mm": 10.995,
      "face2_width_mm": 10.980000000000004,
      "chamfer_width_mm": 21.99,
      "visible_width_mm": 43.965,
      "height_range_mm": 22.238900864124293,
      "seg_start_col": 96,
      "seg_end_col": 3027,
      "object": 2,
      "row_range": [
        1360,
        18282
      ],
      "stick_length_mm": 827.8231977740201
    },
    {
      "valid": true,
      "reasons": [],
      "li": 674,
      "ri": 2022,
      "face_win": 220,
      "line1": [
        1.0149234765884048,
        -23.103100079201937
      ],
      "line2": [
        -0.9834105847864884,
        21.845160959976685
      ],
      "lineC": [
        -0.017671191766336726,
        -4.917445766719058
      ],
      "rmse1": 0.006978228421421964,
      "rmse2": 0.005222390513919395,
      "rmseC": 2.908105114651995,
      "angle_deg": 89.94513628270018,
      "V": [
        22.49286638704108,
        -0.2745619272277331
      ],
      "T1": [
        12.6,
        -10.303784624735513
      ],
      "T2": [
        32.82,
        -10.42801990509033
      ],
      "arc_mm": 28.260978342334017,
      "projection_x_mm": 20.22,
      "projection_z_mm": 0.12423528035481723,
      "face1_width_mm": 10.11,
      "face2_width_mm": 10.094999999999999,
      "chamfer_width_mm": 20.22,
      "visible_width_mm": 40.425,
      "height_range_mm": 19.879503373305,
      "seg_start_col": 166,
      "seg_end_col": 2861,
      "object": 3,
      "row_range": [
        1363,
        18288
      ],
      "stick_length_mm": 827.96995758925
    },
    {
      "valid": true,
      "reasons": [],
      "li": 577,
      "ri": 1733,
      "face_win": 220,
      "line1": [
        0.9978440497792925,
        -12.834268067961572
      ],
      "line2": [
        -0.989556723158794,
        22.27417774953777
      ],
      "lineC": [
        -0.29896676276405776,
        6.220089139279615
      ],
      "rmse1": 0.0056684478734171555,
      "rmse2": 0.028259020202988632,
      "rmseC": 2.3439010050046267,
      "angle_deg": 89.63742446833066,
      "V": [
        17.665508786935085,
        4.793154761405409
      ],
      "T1": [
        10.844999999999999,
        -2.001930014292399
      ],
      "T2": [
        28.185,
        -5.523251374562581
      ],
      "arc_mm": 24.207696187812058,
      "projection_x_mm": 17.34,
      "projection_z_mm": 3.521321360270182,
      "face1_width_mm": 8.655,
      "face2_width_mm": 8.654999999999998,
      "chamfer_width_mm": 17.34,
      "visible_width_mm": 34.65,
      "height_range_mm": 18.556213792165124,
      "seg_start_col": 146,
      "seg_end_col": 2456,
      "object": 4,
      "row_range": [
        1321,
        18244
      ],
      "stick_length_mm": 827.87211771243
    }
  ]
}