{
  "version": 3,
  "model": "endface_face_angle_offset",
  "note": "Each bar is weighted equally; repeat HOBJ captures are averaged within their parent bar folder first.",
  "bar_weighting": "equal_per_bar_then_equal_per_repeat",
  "captured_bar_ids": [
    "2606005B22-CTB_3",
    "2606005B22-CTT_3",
    "2606006A61-DTB_3"
  ],
  "unused_truth_bar_ids": [],
  "angle_offsets_deg": {
    "head": {
      "A": 0.3130517362244281,
      "B": 0.3929813451357613,
      "C": 0.28783930397608515,
      "D": 0.3583011307708451
    },
    "tail": {
      "A": 0.2571826056992232,
      "B": 0.39519721098092947,
      "C": 0.2856291736315626,
      "D": 0.3839778861082361
    }
  },
  "per_bar": {
    "2606005B22-CTB_3": {
      "capture_ids": [
        "2606005B22-CTB_3/13_08",
        "2606005B22-CTB_3/13_12",
        "2606005B22-CTB_3/13_15"
      ],
      "capture_count": 3,
      "mean_raw_angles_deg": {
        "head": {
          "A": 89.66081059138503,
          "B": 89.59473917025184,
          "C": 89.6559743385392,
          "D": 89.59792062093423
        },
        "tail": {
          "A": 89.68700941167896,
          "B": 89.57368703768957,
          "C": 89.68192283536517,
          "D": 89.57662857851858
        }
      },
      "manual_truth_angles_deg": {
        "head": {
          "A": 89.98333333333333,
          "B": 90.03666666666668,
          "C": 89.93333333333334,
          "D": 89.88666666666666
        },
        "tail": {
          "A": 89.92666666666668,
          "B": 89.95,
          "C": 89.94333333333334,
          "D": 89.99666666666667
        }
      },
      "angle_offsets_deg": {
        "head": {
          "A": 0.32252274194830477,
          "B": 0.4419274964148343,
          "C": 0.2773589947941417,
          "D": 0.2887460457324238
        },
        "tail": {
          "A": 0.23965725498771917,
          "B": 0.3763129623104362,
          "C": 0.2614104979681713,
          "D": 0.42003808814808963
        }
      }
    },
    "2606005B22-CTT_3": {
      "capture_ids": [
        "2606005B22-CTT_3/11_42",
        "2606005B22-CTT_3/11_46"
      ],
      "capture_count": 2,
      "mean_raw_angles_deg": {
        "head": {
          "A": 89.65181733461975,
          "B": 89.57562362348051,
          "C": 89.64679299120402,
          "D": 89.5766320895858
        },
        "tail": {
          "A": 89.64571988763146,
          "B": 89.54801505786776,
          "C": 89.6403687059679,
          "D": 89.54900925303313
        }
      },
      "manual_truth_angles_deg": {
        "head": {
          "A": 89.95333333333333,
          "B": 89.94,
          "C": 89.96,
          "D": 90.02
        },
        "tail": {
          "A": 89.95333333333332,
          "B": 90.00333333333333,
          "C": 89.95333333333333,
          "D": 89.88666666666666
        }
      },
      "angle_offsets_deg": {
        "head": {
          "A": 0.30151599871358314,
          "B": 0.3643763765194876,
          "C": 0.3132070087959704,
          "D": 0.4433679104141959
        },
        "tail": {
          "A": 0.3076134457018611,
          "B": 0.45531827546557224,
          "C": 0.3129646273654316,
          "D": 0.3376574136335222
        }
      }
    },
    "2606006A61-DTB_3": {
      "capture_ids": [
        "2606006A61-DTB_3/20_14",
        "2606006A61-DTB_3/20_18"
      ],
      "capture_count": 2,
      "mean_raw_angles_deg": {
        "head": {
          "A": 89.66821686532194,
          "B": 89.61069317086037,
          "C": 89.66371475832852,
          "D": 89.61387723050075
        },
        "tail": {
          "A": 89.68238955025859,
          "B": 89.57603960483323,
          "C": 89.67748760443891,
          "D": 89.57909517679022
        }
      },
      "manual_truth_angles_deg": {
        "head": {
          "A": 89.98333333333333,
          "B": 89.98333333333333,
          "C": 89.93666666666667,
          "D": 89.95666666666666
        },
        "tail": {
          "A": 89.90666666666668,
          "B": 89.93,
          "C": 89.96,
          "D": 89.97333333333331
        }
      },
      "angle_offsets_deg": {
        "head": {
          "A": 0.3151164680113965,
          "B": 0.37264016247296183,
          "C": 0.2729519083381433,
          "D": 0.3427894361659156
        },
        "tail": {
          "A": 0.22427711640808923,
          "B": 0.35396039516678,
          "C": 0.2825123955610849,
          "D": 0.39423815654309635
        }
      }
    }
  }
}