{
  "version": 4,
  "model": "endface_face_angle_offset_by_orientation",
  "note": "Separate normal and turnover end-face offsets. Turnover swaps head/tail and B/D; A/C remain unchanged.",
  "bar_weighting": "equal_per_bar_then_equal_per_repeat",
  "captured_bar_ids": [
    "2606005B22-CTB_3"
  ],
  "unused_truth_bar_ids": [],
  "angle_offsets_deg": {
    "head": {
      "A": 0.3004669363844954,
      "B": 0.4385942750653271,
      "C": 0.25043813815284466,
      "D": 0.2886338294368471
    },
    "tail": {
      "A": 0.22124754775460076,
      "B": 0.37164917937943187,
      "C": 0.2378840008526737,
      "D": 0.41835273590884015
    }
  },
  "per_bar": {
    "2606005B22-CTB_3": {
      "capture_ids": [
        "2606005B22-CTB_3/13_08",
        "2606005B22-CTB_3/13_12",
        "2606005B22-CTB_3/13_15"
      ],
      "capture_count": 3,
      "mean_raw_angles_deg": {
        "head": {
          "A": 89.68286639694884,
          "B": 89.59807239160135,
          "C": 89.68289519518049,
          "D": 89.59803283722981
        },
        "tail": {
          "A": 89.70541911891208,
          "B": 89.57835082062057,
          "C": 89.70544933248067,
          "D": 89.57831393075783
        }
      },
      "manual_truth_angles_deg": {
        "head": {
          "A": 89.98333333333333,
          "B": 90.03666666666668,
          "C": 89.93333333333334,
          "D": 89.88666666666666
        },
        "tail": {
          "A": 89.92666666666668,
          "B": 89.95,
          "C": 89.94333333333334,
          "D": 89.99666666666667
        }
      },
      "angle_offsets_deg": {
        "head": {
          "A": 0.3004669363844954,
          "B": 0.4385942750653271,
          "C": 0.25043813815284466,
          "D": 0.2886338294368471
        },
        "tail": {
          "A": 0.22124754775460076,
          "B": 0.37164917937943187,
          "C": 0.2378840008526737,
          "D": 0.41835273590884015
        }
      }
    }
  },
  "orientation_models": {
    "normal": {
      "version": 3,
      "model": "endface_face_angle_offset",
      "note": "Each bar is weighted equally; repeat HOBJ captures are averaged within their parent bar folder first.",
      "bar_weighting": "equal_per_bar_then_equal_per_repeat",
      "captured_bar_ids": [
        "2606005B22-CTB_3"
      ],
      "unused_truth_bar_ids": [],
      "angle_offsets_deg": {
        "head": {
          "A": 0.3004669363844954,
          "B": 0.4385942750653271,
          "C": 0.25043813815284466,
          "D": 0.2886338294368471
        },
        "tail": {
          "A": 0.22124754775460076,
          "B": 0.37164917937943187,
          "C": 0.2378840008526737,
          "D": 0.41835273590884015
        }
      },
      "per_bar": {
        "2606005B22-CTB_3": {
          "capture_ids": [
            "2606005B22-CTB_3/13_08",
            "2606005B22-CTB_3/13_12",
            "2606005B22-CTB_3/13_15"
          ],
          "capture_count": 3,
          "mean_raw_angles_deg": {
            "head": {
              "A": 89.68286639694884,
              "B": 89.59807239160135,
              "C": 89.68289519518049,
              "D": 89.59803283722981
            },
            "tail": {
              "A": 89.70541911891208,
              "B": 89.57835082062057,
              "C": 89.70544933248067,
              "D": 89.57831393075783
            }
          },
          "manual_truth_angles_deg": {
            "head": {
              "A": 89.98333333333333,
              "B": 90.03666666666668,
              "C": 89.93333333333334,
              "D": 89.88666666666666
            },
            "tail": {
              "A": 89.92666666666668,
              "B": 89.95,
              "C": 89.94333333333334,
              "D": 89.99666666666667
            }
          },
          "angle_offsets_deg": {
            "head": {
              "A": 0.3004669363844954,
              "B": 0.4385942750653271,
              "C": 0.25043813815284466,
              "D": 0.2886338294368471
            },
            "tail": {
              "A": 0.22124754775460076,
              "B": 0.37164917937943187,
              "C": 0.2378840008526737,
              "D": 0.41835273590884015
            }
          }
        }
      }
    },
    "turnover": {
      "version": 3,
      "model": "endface_face_angle_offset",
      "note": "Each bar is weighted equally; repeat HOBJ captures are averaged within their parent bar folder first.",
      "bar_weighting": "equal_per_bar_then_equal_per_repeat",
      "captured_bar_ids": [
        "2606005B22-CTB_3"
      ],
      "unused_truth_bar_ids": [],
      "angle_offsets_deg": {
        "head": {
          "A": 0.24176957267663113,
          "B": 0.4323669268654271,
          "C": 0.2583800287757896,
          "D": 0.3858257641947205
        },
        "tail": {
          "A": 0.28209992151838037,
          "B": 0.3387660329148474,
          "C": 0.2320415886090217,
          "D": 0.48888524240820175
        }
      },
      "per_bar": {
        "2606005B22-CTB_3": {
          "capture_ids": [
            "2606005B22-CTB_3/turnover/13_23",
            "2606005B22-CTB_3/turnover/13_26",
            "2606005B22-CTB_3/turnover/13_29"
          ],
          "capture_count": 3,
          "mean_raw_angles_deg": {
            "head": {
              "A": 89.68489709399005,
              "B": 89.56429973980124,
              "C": 89.68495330455755,
              "D": 89.56417423580528
            },
            "tail": {
              "A": 89.70123341181495,
              "B": 89.54790063375181,
              "C": 89.70129174472432,
              "D": 89.54778142425847
            }
          },
          "manual_truth_angles_deg": {
            "head": {
              "A": 89.92666666666668,
              "B": 89.99666666666667,
              "C": 89.94333333333334,
              "D": 89.95
            },
            "tail": {
              "A": 89.98333333333333,
              "B": 89.88666666666666,
              "C": 89.93333333333334,
              "D": 90.03666666666668
            }
          },
          "angle_offsets_deg": {
            "head": {
              "A": 0.24176957267663113,
              "B": 0.4323669268654271,
              "C": 0.2583800287757896,
              "D": 0.3858257641947205
            },
            "tail": {
              "A": 0.28209992151838037,
              "B": 0.3387660329148474,
              "C": 0.2320415886090217,
              "D": 0.48888524240820175
            }
          }
        }
      }
    }
  },
  "single_bar_metadata": {
    "scope": "single_bar_only",
    "specification": "210_105",
    "physical_bar_id": "2606005B22-CTB_3",
    "included_capture_count": 6,
    "included_captures": [
      "2606005B22-CTB_3/13_08",
      "2606005B22-CTB_3/13_12",
      "2606005B22-CTB_3/13_15",
      "2606005B22-CTB_3/turnover/13_23",
      "2606005B22-CTB_3/turnover/13_26",
      "2606005B22-CTB_3/turnover/13_29"
    ],
    "included_orientations": {
      "normal": 3,
      "turnover": 3
    },
    "truth_csv": "tools/calibration/truth/210_105.csv"
  }
}
