{"边长A_标定":35.462094096987066,"边长B_标定":35.8989441791469,"对角1_标定":0.20828112183327405,"对角2_标定":-1.0809270311110371,"A_边长":182.11,"B_边长":189.51,"对角1":260.08,"对角2":260.08,"A_边长_正容差":0.5,"A_边长_负容差":0.5,"A_边长_标准值":182,"B_边长_正容差":0.5,"B_边长_负容差":0.5,"B_边长_标准值":189.4,"对角线_正容差":0.5,"对角线_负容差":0.5,"对角线_标准值":260.8}