{
  "version": 6,
  "model": "camera_oriented_transform_with_corner_bias",
  "note": "Calibration fixes camera-to-global orientation/translation and per-corner residual bias from standard-bar captures. Default measurement is free four-corner geometry: A/C and B/D are not forced or range-limited.",
  "mapping": {
    "1": "P1/top",
    "3": "P3/left",
    "2": "P2/down",
    "4": "P4/right"
  },
  "common_ranges": {
    "10_40": [
      1371,
      18254
    ],
    "10_40调头": [
      1363,
      18246
    ]
  },
  "calibration_rows": {
    "10_40": {
      "head20": 4748,
      "mid50": 9812,
      "tail80": 14877
    },
    "10_40调头": {
      "head20": 4740,
      "mid50": 9804,
      "tail80": 14869
    }
  },
  "standard": {
    "head20": {
      "percent": 0.2,
      "A": 210.06,
      "B": 104.0,
      "C": 210.03,
      "D": 103.98
    },
    "mid50": {
      "percent": 0.5,
      "A": 210.07,
      "B": 103.99,
      "C": 210.03,
      "D": 103.98
    },
    "tail80": {
      "percent": 0.8,
      "A": 210.06,
      "B": 104.01,
      "C": 210.03,
      "D": 103.99
    }
  },
  "transforms": {
    "1": {
      "matrix": [
        [
          0.7121043032104597,
          0.7020736865523066
        ],
        [
          -0.7020736865523065,
          0.7121043032104595
        ]
      ],
      "translation": [
        193.59691751051773,
        115.12270795956483
      ],
      "direction_error_mean": 0.0006135182043749055
    },
    "2": {
      "matrix": [
        [
          -0.7343082765075298,
          -0.6788161423040414
        ],
        [
          0.6788161423040415,
          -0.7343082765075301
        ]
      ],
      "translation": [
        19.245324970527278,
        -17.60091405142746
      ],
      "direction_error_mean": 0.002511708615547104
    },
    "3": {
      "matrix": [
        [
          0.7131178935428267,
          -0.7010441283607202
        ],
        [
          0.7010441283607202,
          0.7131178935428268
        ]
      ],
      "translation": [
        -16.131080802579685,
        88.44935711273548
      ],
      "direction_error_mean": 0.0005524685914844567
    },
    "4": {
      "matrix": [
        [
          -0.7064785201357198,
          0.707734484525689
        ],
        [
          -0.7077344845256892,
          -0.7064785201357198
        ]
      ],
      "translation": [
        219.09004324300665,
        16.1290132697079
      ],
      "direction_error_mean": 0.0013812419803186568
    }
  },
  "corner_biases": {
    "P1": [
      -0.0056075447058342815,
      -0.002765357374881224
    ],
    "P2": [
      -0.012921325086255117,
      -0.01399870463498415
    ],
    "P3": [
      -0.0030008384810292035,
      0.003687673166008191
    ],
    "P4": [
      0.0077843688287989226,
      -0.004933726407580358
    ]
  }
}